station_ID,id_at_source,available_data,source_URL,latitude,longitude,description,site_params
USGS_11341400,11341400,"{""conditions"": [""max_temp(C)"", ""min_temp(C)"", ""avg discharge (cfs)"", ""outflow(m3/d)""]}","{""url"": [""https://waterdata.usgs.gov/monitoring-location/11341400""]}",41.26654165,-122.311677,SACRAMENTO R NR MT SHASTA CA,{}
USGS_11482468,11482468,"{""conditions"": [""avg discharge (cfs)"", ""outflow(m3/d)""]}","{""url"": [""https://waterdata.usgs.gov/monitoring-location/11482468""]}",41.3220674,-124.0206264,LITTLE LOST MAN C A SITE NO 2 NR ORICK CA,{}
USGS_11482500,11482500,"{""conditions"": [""avg discharge (cfs)"", ""outflow(m3/d)""]}","{""url"": [""https://waterdata.usgs.gov/monitoring-location/11482500""]}",41.2992896,-124.0511825,REDWOOD C A ORICK CA,{}
USGS_11485000,11485000,"{""conditions"": [""max_temp(C)"", ""min_temp(C)"", ""avg_temp(C)""]}","{""url"": [""https://waterdata.usgs.gov/monitoring-location/11485000""]}",42.17319444,-121.618361,"LOST RIVER AT OLENE, OR",{}
USGS_11486990,11486990,"{""conditions"": [""avg discharge (cfs)"", ""outflow(m3/d)""]}","{""url"": [""https://waterdata.usgs.gov/monitoring-location/11486990""]}",42.1676459,-121.776391,"LOST R DIVERSION AT TINGLEY LN NR KLAMATH FALLS,OR",{}
USBR_AGA,AGA,"{""conditions"": [""wse(m)""]}","{""url"": [""https://www.usbr.gov/pn-bin/inventory.pl?site=AGA&ui=true&interval=daily""]}",42.415,-122.77222222222224,"Agate Dam and Reservoir near Medford, OR",{}
USBR_ALNO,ALNO,{},"{""url"": [""https://www.usbr.gov/pn-bin/inventory.pl?site=ALNO&ui=true&interval=daily""]}",45.73361111111111,-119.20416666666668,"Allen Canal at Echo, OR",{}
USBR_ALPY,ALPY,"{""conditions"": [""outflow(m3/d)""]}","{""url"": [""https://www.usbr.gov/pn-bin/inventory.pl?site=ALPY&ui=true&interval=daily""]}",43.19611111111111,-110.88944444444444,"Snake River above Reservoir near Alpine, WY",{}
USBR_ALTO,ALTO,{},"{""url"": [""https://www.usbr.gov/pn-bin/inventory.pl?site=ALTO&ui=true&interval=daily""]}",45.81361111111111,-119.35777777777776,"A-Line Canal (Terminus) nr Hermiston, OR",{}
USBR_AMF,AMF,"{""conditions"": [""wse(m)""]}","{""url"": [""https://www.usbr.gov/pn-bin/inventory.pl?site=AMF&ui=true&interval=daily""]}",42.77916666666667,-112.87916666666666,"American Falls Reservoir at American Falls, ID",{}
USBR_AMFI,AMFI,"{""conditions"": [""outflow(m3/d)""]}","{""url"": [""https://www.usbr.gov/pn-bin/inventory.pl?site=AMFI&ui=true&interval=daily""]}",42.76833333333333,-112.87833333333332,"Snake River at Neeley, ID",{}
USBR_ANCI,ANCI,{},"{""url"": [""https://www.usbr.gov/pn-bin/inventory.pl?site=ANCI&ui=true&interval=daily""]}",43.62222222222222,-111.66944444444444,"Anderson Canal near Ririe, ID",{}
USBR_AND,AND,"{""conditions"": [""storage(m3)""]}","{""url"": [""https://www.usbr.gov/pn-bin/inventory.pl?site=AND&ui=true&interval=daily""]}",43.35833333333333,-115.44444444444444,Anderson Ranch Dam and Reservoir,{}
DART_ALF,ALF,"{""conditions"": [""outflow(m3/d)"", ""inflow(m3/d)"", ""spill(m3/d)"", ""avg_temp(C)"", ""wse(m)""]}","{""url"": [""https://www.cbr.washington.edu/dart/query/river_daily""]}",48.178294,-116.997745,Albeni Falls Forebay and Dam,{}
USBR_ANDI,ANDI,"{""conditions"": [""outflow(m3/d)""]}","{""url"": [""https://www.usbr.gov/pn-bin/inventory.pl?site=ANDI&ui=true&interval=daily""]}",43.34166666666667,-115.47777777777777,South Fork Boise River at Anderson Ranch Dam,{}
USBR_ANTI,ANTI,"{""conditions"": [""outflow(m3/d)""]}","{""url"": [""https://www.usbr.gov/pn-bin/inventory.pl?site=ANTI&ui=true&interval=daily""]}",43.96666666666667,-111.67222222222223,"Henrys Fork at St. Anthony, ID",{}
USBR_ANTO,ANTO,"{""conditions"": [""outflow(m3/d)""]}","{""url"": [""https://www.usbr.gov/pn-bin/inventory.pl?site=ANTO&ui=true&interval=daily""]}",42.41111111111111,-122.74333333333334,Antelope Creek and Diversion at Dam,{}
USBR_ARK,ARK,"{""conditions"": [""storage(m3)""]}","{""url"": [""https://www.usbr.gov/pn-bin/inventory.pl?site=ARK&ui=true&interval=daily""]}",43.611111111111114,-115.92194444444445,Arrowrock Dam and Reservoir,{}
USBR_ARNO,ARNO,{},"{""url"": [""https://www.usbr.gov/pn-bin/inventory.pl?site=ARNO&ui=true&interval=daily""]}",43.99444444444445,-121.37777777777777,Arnold Canal,{}
USBR_ASCI,ASCI,{},"{""url"": [""https://www.usbr.gov/pn-bin/inventory.pl?site=ASCI&ui=true&interval=daily""]}",43.28055555555555,-112.25694444444444,Aberdeen-Springfield Canal,{}
USBR_AUCI,AUCI,{},"{""url"": [""https://www.usbr.gov/pn-bin/inventory.pl?site=AUCI&ui=true&interval=daily""]}",43.975,-111.65,St. Anthony Union Canal,{}
USBR_BASO,BASO,"{""conditions"": [""outflow(m3/d)""]}","{""url"": [""https://www.usbr.gov/pn-bin/inventory.pl?site=BASO&ui=true&interval=daily""]}",42.21611111111111,-122.72111111111111,"Bear Creek below Ashland Cr. at Ashland, OR",{}
USBR_BCAO,BCAO,"{""conditions"": [""outflow(m3/d)""]}","{""url"": [""https://www.usbr.gov/pn-bin/inventory.pl?site=BCAO&ui=true&interval=daily""]}",42.19499999999999,-122.66861111111112,"Bear Creek above Ashland, OR",{}
USBR_BCMO,BCMO,"{""conditions"": [""outflow(m3/d)""]}","{""url"": [""https://www.usbr.gov/pn-bin/inventory.pl?site=BCMO&ui=true&interval=daily""]}",42.42638888888889,-122.95694444444445,"Bear Creek at Mouth below Central Point, OR",{}
USBR_BCSO,BCSO,"{""conditions"": [""wse(m)""]}","{""url"": [""https://www.usbr.gov/pn-bin/inventory.pl?site=BCSO&ui=true&interval=daily""]}",42.150555555555556,-122.39583333333334,Beaver Creek and Beaver Siphon at Howard Prairie Can,{}
USBR_BCTO,BCTO,"{""conditions"": [""outflow(m3/d)""]}","{""url"": [""https://www.usbr.gov/pn-bin/inventory.pl?site=BCTO&ui=true&interval=daily""]}",42.25361111111111,-122.78888888888889,Bear Creek below Phoenix Diversion near Talent,{}
USBR_BDDI,BDDI,"{""conditions"": [""storage(m3)""]}","{""url"": [""https://www.usbr.gov/pn-bin/inventory.pl?site=BDDI&ui=true&interval=daily""]}",43.53972222222222,-116.0936111111111,Boise River below Diversion Dam near Boise,{}
USBR_BENO,BENO,"{""conditions"": [""outflow(m3/d)""]}","{""url"": [""https://www.usbr.gov/pn-bin/inventory.pl?site=BENO&ui=true&interval=daily""]}",43.930277777777775,-121.41083333333334,"Deschutes River at Benham Falls, OR",{}
USBR_BEU,BEU,"{""conditions"": [""storage(m3)""]}","{""url"": [""https://www.usbr.gov/pn-bin/inventory.pl?site=BEU&ui=true&interval=daily""]}",43.91138888888889,-118.15722222222223,Agency Valley (Beulah) Dam and Reservoir,{}
USBR_BEUO,BEUO,"{""conditions"": [""outflow(m3/d)""]}","{""url"": [""https://www.usbr.gov/pn-bin/inventory.pl?site=BEUO&ui=true&interval=daily""]}",43.90888888888889,-118.15222222222222,North Fork Malheur River at Beulah,{}
USBR_BFCI,BFCI,{},"{""url"": [""https://www.usbr.gov/pn-bin/inventory.pl?site=BFCI&ui=true&interval=daily""]}",43.32083333333334,-112.17194444444445,Blackfoot Canal,{}
USBR_BFKY,BFKY,"{""conditions"": [""outflow(m3/d)""]}","{""url"": [""https://www.usbr.gov/pn-bin/inventory.pl?site=BFKY&ui=true&interval=daily""]}",43.838055555555556,-110.44111111111111,"Buffalo Fork above Lava Creek near Moran, WY",{}
USBR_BFTI,BFTI,"{""conditions"": [""outflow(m3/d)""]}","{""url"": [""https://www.usbr.gov/pn-bin/inventory.pl?site=BFTI&ui=true&interval=daily""]}",43.125277777777775,-112.51833333333333,"Snake River near Blackfoot, ID",{}
USBR_BIGI,BIGI,"{""conditions"": [""outflow(m3/d)""]}","{""url"": [""https://www.usbr.gov/pn-bin/inventory.pl?site=BIGI&ui=true&interval=daily""]}",43.66027777777778,-116.27833333333334,Boise River at Glenwood Bridge,{}
USBR_BILI,BILI,"{""conditions"": [""outflow(m3/d)""]}","{""url"": [""https://www.usbr.gov/pn-bin/inventory.pl?site=BILI&ui=true&interval=daily""]}",42.83527777777778,-114.8938888888889,Billingsly Creek near Haggerman at Hwy 30,{}
USBR_BIRO,BIRO,"{""conditions"": [""outflow(m3/d)""]}","{""url"": [""https://www.usbr.gov/pn-bin/inventory.pl?site=BIRO&ui=true&interval=daily""]}",45.65138888888889,-118.8775,"Birch Creek near Reith, OR",{}
USBR_BJBO,BJBO,"{""conditions"": [""outflow(m3/d)""]}","{""url"": [""https://www.usbr.gov/pn-bin/inventory.pl?site=BJBO&ui=true&interval=daily""]}",42.33166666666667,-122.86944444444444,"Bear Creek at Jackson St. Bridge, Medford, OR",{}
USBR_BKPI,BKPI,{},"{""url"": [""https://www.usbr.gov/pn-bin/inventory.pl?site=BKPI&ui=true&interval=daily""]}",43.86361111111111,-111.25444444444445,Boelky Pump,{}
USBR_BMCI,BMCI,{},"{""url"": [""https://www.usbr.gov/pn-bin/inventory.pl?site=BMCI&ui=true&interval=daily""]}",43.74583333333334,-112.10277777777777,Butte and Market Lake Canal,{}
USBR_BOOI,BOOI,{},"{""url"": [""https://www.usbr.gov/pn-bin/inventory.pl?site=BOOI&ui=true&interval=daily""]}",43.65416666666667,-111.7775,Rudy Canal,{}
USBR_BPPI,BPPI,{},"{""url"": [""https://www.usbr.gov/pn-bin/inventory.pl?site=BPPI&ui=true&interval=daily""]}",43.919444444444444,-111.45944444444444,Bob Parkinson Pump,{}
USBR_BRFI,BRFI,"{""conditions"": [""outflow(m3/d)""]}","{""url"": [""https://www.usbr.gov/pn-bin/inventory.pl?site=BRFI&ui=true&interval=daily""]}",43.49583333333334,-115.30749999999999,South Fork Boise River near Featherville,{}
USBR_BSEI,BSEI,{},"{""url"": [""https://www.usbr.gov/pn-bin/inventory.pl?site=BSEI&ui=true&interval=daily""]}",43.54944444444444,-116.10916666666667,New York Canal Diversion from Boise River,{}
USBR_BTSI,BTSI,"{""conditions"": [""outflow(m3/d)""]}","{""url"": [""https://www.usbr.gov/pn-bin/inventory.pl?site=BTSI&ui=true&interval=daily""]}",43.65861111111111,-115.72722222222222,"Boise River near Twin Springs, Idaho",{}
USBR_BUL,BUL,"{""conditions"": [""outflow(m3/d)""]}","{""url"": [""https://www.usbr.gov/pn-bin/inventory.pl?site=BUL&ui=true&interval=daily""]}",44.03055555555555,-117.41250000000001,"Bully Creek Dam and Reservoir near Vale, OR",{}
USBR_BUM,BUM,"{""conditions"": [""wse(m)""]}","{""url"": [""https://www.usbr.gov/pn-bin/inventory.pl?site=BUM&ui=true&interval=daily""]}",46.868611111111115,-121.29888888888888,BUMPING RESERVOIR RIVER AND WEATHER STATION,{}
USBR_BURI,BURI,{},"{""url"": [""https://www.usbr.gov/pn-bin/inventory.pl?site=BURI&ui=true&interval=daily""]}",43.65611111111111,-111.7825,"Burgess Canal near Ririe, ID",{}
USBR_CACO,CACO,{},"{""url"": [""https://www.usbr.gov/pn-bin/inventory.pl?site=CACO&ui=true&interval=daily""]}",42.40555555555555,-122.26805555555555,Cascade Canal near Fish Lake,{}
USBR_CBCI,CBCI,{},"{""url"": [""https://www.usbr.gov/pn-bin/inventory.pl?site=CBCI&ui=true&interval=daily""]}",43.25333333333333,-112.27166666666666,Corbett Canal,{}
USBR_CCL,CCL,"{""conditions"": [""wse(m)""]}","{""url"": [""https://www.usbr.gov/pn-bin/inventory.pl?site=CCL&ui=true&interval=daily""]}",48.5575,-119.7461111111111,"Salmon Lake Dam and Conconully Lake nr Conconully,WA",{}
USBR_CCPI,CCPI,{},"{""url"": [""https://www.usbr.gov/pn-bin/inventory.pl?site=CCPI&ui=true&interval=daily""]}",43.90333333333333,-111.53805555555556,Canyon Creek Lateral Pump,{}
USBR_CCR,CCR,"{""conditions"": [""wse(m)""]}","{""url"": [""https://www.usbr.gov/pn-bin/inventory.pl?site=CCR&ui=true&interval=daily""]}",48.53805555555555,-119.74722222222222,"Conconully Dam and Reservoir near Conconully, WA",{}
USBR_CECI,CECI,{},"{""url"": [""https://www.usbr.gov/pn-bin/inventory.pl?site=CECI&ui=true&interval=daily""]}",43.65694444444444,-111.78333333333333,Clark and Edwards Canal,{}
USBR_CENO,CENO,{},"{""url"": [""https://www.usbr.gov/pn-bin/inventory.pl?site=CENO&ui=true&interval=daily""]}",44.030277777777776,-121.29472222222222,Central Oregon Canal,{}
USBR_CFCI,CFCI,{},"{""url"": [""https://www.usbr.gov/pn-bin/inventory.pl?site=CFCI&ui=true&interval=daily""]}",43.94,-111.7275,Consolidated Farmers Weir,{}
USBR_CFMM,CFMM,"{""conditions"": [""outflow(m3/d)""]}","{""url"": [""https://www.usbr.gov/pn-bin/inventory.pl?site=CFMM&ui=true&interval=daily""]}",48.36194444444445,-114.18388888888889,"Flathead River at Columbia Falls, MT",{}
USBR_CHEI,CHEI,"{""conditions"": [""outflow(m3/d)""]}","{""url"": [""https://www.usbr.gov/pn-bin/inventory.pl?site=CHEI&ui=true&interval=daily""]}",44.01833333333333,-111.56666666666666,"Falls River near Chester, ID",{}
USBR_CIBW,CIBW,"{""conditions"": [""min_temp(C)""]}","{""url"": [""https://www.usbr.gov/pn-bin/inventory.pl?site=CIBW&ui=true&interval=daily""]}",48.97138888888889,-117.64694444444446,Columbia River at International Boundary,{}
USBR_CLE,CLE,"{""conditions"": [""inflow(m3/d)""]}","{""url"": [""https://www.usbr.gov/pn-bin/inventory.pl?site=CLE&ui=true&interval=daily""]}",47.245555555555555,-121.07333333333332,"CLE ELUM RESERVOIR,RIVER AND WEATHER STATION",{}
USBR_CLS,CLS,"{""conditions"": [""wse(m)""]}","{""url"": [""https://www.usbr.gov/pn-bin/inventory.pl?site=CLS&ui=true&interval=daily""]}",45.86,-119.17083333333333,"Cold Springs Dam near Hermiston, OR",{}
USBR_CMO,CMO,"{""conditions"": [""inflow(m3/d)""]}","{""url"": [""https://www.usbr.gov/pn-bin/inventory.pl?site=CMO&ui=true&interval=daily""]}",46.06111111111111,-114.23333333333333,"Lake Como near Hamilton, MT",{}
USBR_CRA,CRA,"{""conditions"": [""wse(m)""]}","{""url"": [""https://www.usbr.gov/pn-bin/inventory.pl?site=CRA&ui=true&interval=daily""]}",43.75555555555555,-121.78333333333333,"Crane Prairie Reservoir nr. LaPine, OR",{}
USBR_CRAO,CRAO,"{""conditions"": [""outflow(m3/d)""]}","{""url"": [""https://www.usbr.gov/pn-bin/inventory.pl?site=CRAO&ui=true&interval=daily""]}",43.75361111111111,-121.7825,"Deschutes River below Crane Prairie Res., OR",{}
USBR_CRCI,CRCI,{},"{""url"": [""https://www.usbr.gov/pn-bin/inventory.pl?site=CRCI&ui=true&interval=daily""]}",43.92055555555555,-111.61194444444443,Crosscut Canal at End,{}
USBR_CRCO,CRCO,{},"{""url"": [""https://www.usbr.gov/pn-bin/inventory.pl?site=CRCO&ui=true&interval=daily""]}",44.23888888888889,-120.8625,"Crooked River Feed Canal near Prineville, OR",{}
USBR_CRE,CRE,"{""conditions"": [""storage(m3)""]}","{""url"": [""https://www.usbr.gov/pn-bin/inventory.pl?site=CRE&ui=true&interval=daily""]}",43.50138888888889,-121.97222222222223,"Crescent Lake near Crescent, OR",{}
USBR_CREO,CREO,"{""conditions"": [""outflow(m3/d)""]}","{""url"": [""https://www.usbr.gov/pn-bin/inventory.pl?site=CREO&ui=true&interval=daily""]}",43.503055555555555,-121.97222222222223,"Crescent Creek at Crescent Lake, OR",{}
USBR_CRPO,CRPO,"{""conditions"": [""outflow(m3/d)""]}","{""url"": [""https://www.usbr.gov/pn-bin/inventory.pl?site=CRPO&ui=true&interval=daily""]}",44.17916666666667,-120.58777777777777,"Crooked River above Prineville Reservoir, nr Post OR",{}
USBR_CRSO,CRSO,"{""conditions"": [""outflow(m3/d)""]}","{""url"": [""https://www.usbr.gov/pn-bin/inventory.pl?site=CRSO&ui=true&interval=daily""]}",44.3675,-121.1388888888889,"Crooked Riv at Smith Rock St. Park nr Terrebonne, OR",{}
USBR_CSAO,CSAO,{},"{""url"": [""https://www.usbr.gov/pn-bin/inventory.pl?site=CSAO&ui=true&interval=daily""]}",45.85388888888889,-119.17194444444445,US A Line Canal at Cold Springs Res nr Hermiston OR,{}
USBR_CSC,CSC,"{""conditions"": [""storage(m3)""]}","{""url"": [""https://www.usbr.gov/pn-bin/inventory.pl?site=CSC&ui=true&interval=daily""]}",44.525,-116.05,"Cascade Dam and Lake Cascade at Cascade, Idaho",{}
USBR_CSCI,CSCI,"{""conditions"": [""outflow(m3/d)""]}","{""url"": [""https://www.usbr.gov/pn-bin/inventory.pl?site=CSCI&ui=true&interval=daily""]}",44.528888888888886,-116.04777777777778,"North Fork Payette River at Cascade, Idaho",{}
USBR_CSRO,CSRO,{},"{""url"": [""https://www.usbr.gov/pn-bin/inventory.pl?site=CSRO&ui=true&interval=daily""]}",45.86638888888889,-119.16722222222222,"Cold Springs Recharge Canal near Hermiston, OR",{}
USBR_CVPI,CVPI,{},"{""url"": [""https://www.usbr.gov/pn-bin/inventory.pl?site=CVPI&ui=true&interval=daily""]}",43.874722222222225,-111.24722222222222,Clementsville Pump,{}
USBR_CXCI,CXCI,{},"{""url"": [""https://www.usbr.gov/pn-bin/inventory.pl?site=CXCI&ui=true&interval=daily""]}",44.016666666666666,-111.58333333333333,"Crosscut Canal near Chester, ID",{}
USBR_CXMI,CXMI,{},"{""url"": [""https://www.usbr.gov/pn-bin/inventory.pl?site=CXMI&ui=true&interval=daily""]}",43.976111111111116,-111.60416666666666,Crosscut Middle Weir,{}
USBR_DCMO,DCMO,{},"{""url"": [""https://www.usbr.gov/pn-bin/inventory.pl?site=DCMO&ui=true&interval=daily""]}",44.06888888888889,-121.3125,Deschutes County MID Canal,{}
USBR_DEBO,DEBO,"{""conditions"": [""outflow(m3/d)""]}","{""url"": [""https://www.usbr.gov/pn-bin/inventory.pl?site=DEBO&ui=true&interval=daily""]}",44.08305555555556,-121.30666666666666,"Deschutes River Below Bend, OR",{}
USBR_DED,DED,"{""conditions"": [""storage(m3)""]}","{""url"": [""https://www.usbr.gov/pn-bin/inventory.pl?site=DED&ui=true&interval=daily""]}",44.31055555555555,-115.6613888888889,"Deadwood Dam, Idaho",{}
USBR_DEDI,DEDI,"{""conditions"": [""outflow(m3/d)""]}","{""url"": [""https://www.usbr.gov/pn-bin/inventory.pl?site=DEDI&ui=true&interval=daily""]}",44.29611111111111,-115.64555555555556,Deadwood River below Deadwood Dam,{}
USBR_DICO,DICO,{},"{""url"": [""https://www.usbr.gov/pn-bin/inventory.pl?site=DICO&ui=true&interval=daily""]}",42.263888888888886,-122.44916666666667,"Dead Indian Collection Canal nr. Pinehurst, OR",{}
USBR_DLEO,DLEO,{},"{""url"": [""https://www.usbr.gov/pn-bin/inventory.pl?site=DLEO&ui=true&interval=daily""]}",45.76611111111111,-119.21611111111112,"Dillon Canal near Stanfield, OR",{}
USBR_DNCI,DNCI,{},"{""url"": [""https://www.usbr.gov/pn-bin/inventory.pl?site=DNCI&ui=true&interval=daily""]}",43.22083333333334,-112.35416666666666,Danskin Canal,{}
USBR_DRYI,DRYI,"{""conditions"": [""outflow(m3/d)""]}","{""url"": [""https://www.usbr.gov/pn-bin/inventory.pl?site=DRYI&ui=true&interval=daily""]}",43.63916666666667,-111.71527777777779,"Dry Bed near Ririe, ID",{}
USBR_EASW,EASW,"{""conditions"": [""outflow(m3/d)""]}","{""url"": [""https://www.usbr.gov/pn-bin/inventory.pl?site=EASW&ui=true&interval=daily""]}",47.23888888888889,-121.17777777777778,YAKIMA RIVER AT EASTON WA.,{}
USBR_EBCO,EBCO,"{""conditions"": [""outflow(m3/d)""]}","{""url"": [""https://www.usbr.gov/pn-bin/inventory.pl?site=EBCO&ui=true&interval=daily""]}",45.48416666666667,-118.83444444444444,"East Birch Creek at Pilot Rock, OR",{}
USBR_EGCI,EGCI,{},"{""url"": [""https://www.usbr.gov/pn-bin/inventory.pl?site=EGCI&ui=true&interval=daily""]}",43.96527777777778,-111.68611111111112,Egin Canal,{}
USBR_EGSO,EGSO,"{""conditions"": [""outflow(m3/d)""]}","{""url"": [""https://www.usbr.gov/pn-bin/inventory.pl?site=EGSO&ui=true&interval=daily""]}",42.12222222222222,-122.54638888888888,"Emigrant Creek Above Green Springs Powerplant, OR",{}
USBR_ELCI,ELCI,{},"{""url"": [""https://www.usbr.gov/pn-bin/inventory.pl?site=ELCI&ui=true&interval=daily""]}",43.60416666666667,-111.79777777777778,Eagle Rock Canal near Hwy 26,{}
USBR_EMI,EMI,"{""conditions"": [""outflow(m3/d)""]}","{""url"": [""https://www.usbr.gov/pn-bin/inventory.pl?site=EMI&ui=true&interval=daily""]}",42.163888888888884,-122.60416666666666,"Emigrant Dam and Lake near Ashland, OR",{}
USBR_EMM,EMM,"{""conditions"": [""outflow(m3/d)""]}","{""url"": [""https://www.usbr.gov/pn-bin/inventory.pl?site=EMM&ui=true&interval=daily""]}",43.93055555555555,-116.44166666666668,"Black Canyon Dam and Reservoir near Emmett, ID",{}
USBR_ENTI,ENTI,{},"{""url"": [""https://www.usbr.gov/pn-bin/inventory.pl?site=ENTI&ui=true&interval=daily""]}",43.63055555555555,-111.68472222222222,Enterprize Canal,{}
USBR_EPTO,EPTO,"{""conditions"": [""outflow(m3/d)""]}","{""url"": [""https://www.usbr.gov/pn-bin/inventory.pl?site=EPTO&ui=true&interval=daily""]}",42.455555555555556,-122.82666666666667,"Antelope Creek near Eagle Point, OR",{}
USBR_ERCI,ERCI,{},"{""url"": [""https://www.usbr.gov/pn-bin/inventory.pl?site=ERCI&ui=true&interval=daily""]}",43.63055555555555,-111.6875,"Eagle Rock Canal near Heise, ID",{}
USBR_ETSI,ETSI,{},"{""url"": [""https://www.usbr.gov/pn-bin/inventory.pl?site=ETSI&ui=true&interval=daily""]}",43.925,-116.44027777777778,Emmett I.D. Southside Canal,{}
USBR_FALI,FALI,"{""conditions"": [""outflow(m3/d)""]}","{""url"": [""https://www.usbr.gov/pn-bin/inventory.pl?site=FALI&ui=true&interval=daily""]}",44.06861111111112,-111.24027777777778,"Falls River near Squirrel, ID",{}
USBR_FARI,FARI,"{""conditions"": [""outflow(m3/d)""]}","{""url"": [""https://www.usbr.gov/pn-bin/inventory.pl?site=FARI&ui=true&interval=daily""]}",43.973888888888894,-111.63805555555557,"Farmers Friend Canal near St. Anthony, ID",{}
USBR_FCEO,FCEO,{},"{""url"": [""https://www.usbr.gov/pn-bin/inventory.pl?site=FCEO&ui=true&interval=daily""]}",45.72944444444445,-119.17833333333334,"Umatilla Project Feed Canal near Echo, OR",{}
USBR_FCFM,FCFM,"{""conditions"": [""outflow(m3/d)""]}","{""url"": [""https://www.usbr.gov/pn-bin/inventory.pl?site=FCFM&ui=true&interval=daily""]}",48.495555555555555,-114.12666666666667,"North Fork Flathead River near Columbia Falls, MT",{}
USBR_FCSO,FCSO,{},"{""url"": [""https://www.usbr.gov/pn-bin/inventory.pl?site=FCSO&ui=true&interval=daily""]}",45.85388888888889,-119.17194444444445,"Umatilla Project Feed Canal near Hermiston, OR",{}
USBR_FFCI,FFCI,{},"{""url"": [""https://www.usbr.gov/pn-bin/inventory.pl?site=FFCI&ui=true&interval=daily""]}",43.63055555555555,-111.6888888888889,"Farmers Friend Canal near Heise, ID",{}
USBR_FHPI,FHPI,{},"{""url"": [""https://www.usbr.gov/pn-bin/inventory.pl?site=FHPI&ui=true&interval=daily""]}",43.92833333333333,-112.56666666666666,Fort Hall Michaud Pump,{}
USBR_FIS,FIS,"{""conditions"": [""storage(m3)""]}","{""url"": [""https://www.usbr.gov/pn-bin/inventory.pl?site=FIS&ui=true&interval=daily""]}",42.37777777777778,-122.34722222222221,"Fish Lake near Ashland, OR",{}
USBR_FLGY,FLGY,"{""conditions"": [""outflow(m3/d)""]}","{""url"": [""https://www.usbr.gov/pn-bin/inventory.pl?site=FLGY&ui=true&interval=daily""]}",44.098888888888894,-110.66722222222222,"Snake River near Flagg Ranch, WY",{}
USBR_FOR,FOR,"{""conditions"": [""storage(m3)""]}","{""url"": [""https://www.usbr.gov/pn-bin/inventory.pl?site=FOR&ui=true&interval=daily""]}",42.456944444444446,-122.24166666666667,"Fourmile Lake near Ashland, OR",{}
USBR_FRCI,FRCI,{},"{""url"": [""https://www.usbr.gov/pn-bin/inventory.pl?site=FRCI&ui=true&interval=daily""]}",43.99916666666667,-111.52805555555555,Fall River Canal,{}
USBR_FRMO,FRMO,"{""conditions"": [""outflow(m3/d)""]}","{""url"": [""https://www.usbr.gov/pn-bin/inventory.pl?site=FRMO&ui=true&interval=daily""]}",45.45,-122.95,Tualatin River at Farmington,{}
USBR_FSHO,FSHO,"{""conditions"": [""outflow(m3/d)""]}","{""url"": [""https://www.usbr.gov/pn-bin/inventory.pl?site=FSHO&ui=true&interval=daily""]}",42.37722222222222,-122.35944444444443,NF Little Butte Cr below Fish Lake,{}
USBR_FURO,FURO,{},"{""url"": [""https://www.usbr.gov/pn-bin/inventory.pl?site=FURO&ui=true&interval=daily""]}",45.691111111111105,-119.1236111111111,"Furnish Canal above Crayne-Lisle Canal near Echo, OR",{}
USBR_GCGW,GCGW,"{""conditions"": [""min_temp(C)""]}","{""url"": [""https://www.usbr.gov/pn-bin/inventory.pl?site=GCGW&ui=true&interval=daily""]}",48.03333333333333,-118.97666666666667,"Columbia River below Grand Coulee Dam near Barry, WA",{}
USBR_GILO,GILO,"{""conditions"": [""outflow(m3/d)""]}","{""url"": [""https://www.usbr.gov/pn-bin/inventory.pl?site=GILO&ui=true&interval=daily""]}",42.35861111111111,-122.50861111111111,"South Fork Little Butte Creek at Gilkey, OR",{}
USBR_GLI,GLI,"{""conditions"": [""wse(m)""]}","{""url"": [""https://www.usbr.gov/pn-bin/inventory.pl?site=GLI&ui=true&interval=daily""]}",48.00222222222222,-123.59833333333333,Glines Canyon Dam and Lake Mills,{}
USBR_GREY,GREY,"{""conditions"": [""outflow(m3/d)""]}","{""url"": [""https://www.usbr.gov/pn-bin/inventory.pl?site=GREY&ui=true&interval=daily""]}",43.14277777777778,-110.97666666666667,"Greys River above Reservoir near Alpine, WY",{}
USBR_GRS,GRS,"{""conditions"": [""storage(m3)""]}","{""url"": [""https://www.usbr.gov/pn-bin/inventory.pl?site=GRS&ui=true&interval=daily""]}",44.12916666666667,-110.81805555555555,"Grassy Lake near Moran, WY",{}
USBR_GSPO,GSPO,"{""conditions"": [""outflow(m3/d)""]}","{""url"": [""https://www.usbr.gov/pn-bin/inventory.pl?site=GSPO&ui=true&interval=daily""]}",42.12222222222222,-122.54638888888888,"Green Springs Powerplant near Ashland, OR",{}
USBR_GSTO,GSTO,"{""conditions"": [""outflow(m3/d)""]}","{""url"": [""https://www.usbr.gov/pn-bin/inventory.pl?site=GSTO&ui=true&interval=daily""]}",45.43888888888888,-123.13972222222223,"Tualatin River at Gaston, Oregon",{}
USBR_GWCI,GWCI,{},"{""url"": [""https://www.usbr.gov/pn-bin/inventory.pl?site=GWCI&ui=true&interval=daily""]}",43.587500000000006,-112.0611111111111,"Great Western Canal near Lewisville, ID",{}
USBR_HARI,HARI,{},"{""url"": [""https://www.usbr.gov/pn-bin/inventory.pl?site=HARI&ui=true&interval=daily""]}",43.64416666666666,-111.76444444444445,"Harrison Canal near Ririe, ID",{}
USBR_HAY,HAY,"{""conditions"": [""storage(m3)""]}","{""url"": [""https://www.usbr.gov/pn-bin/inventory.pl?site=HAY&ui=true&interval=daily""]}",44.5,-121.15333333333334,"Haystack Reservoir near Culver, OR",{}
USBR_HEII,HEII,"{""conditions"": [""outflow(m3/d)""]}","{""url"": [""https://www.usbr.gov/pn-bin/inventory.pl?site=HEII&ui=true&interval=daily""]}",43.612500000000004,-111.66000000000001,"Snake River near Heise, ID",{}
USBR_HEN,HEN,"{""conditions"": [""storage(m3)""]}","{""url"": [""https://www.usbr.gov/pn-bin/inventory.pl?site=HEN&ui=true&interval=daily""]}",44.59722222222222,-111.3536111111111,"Henrys Lake Dam and Lake on Henrys Fork nr. Lake, ID",{}
USBR_HENI,HENI,"{""conditions"": [""outflow(m3/d)""]}","{""url"": [""https://www.usbr.gov/pn-bin/inventory.pl?site=HENI&ui=true&interval=daily""]}",44.595,-111.35,"Henrys Fork near Lake, ID",{}
USBR_HFAI,HFAI,"{""conditions"": [""outflow(m3/d)""]}","{""url"": [""https://www.usbr.gov/pn-bin/inventory.pl?site=HFAI&ui=true&interval=daily""]}",44.069722222222225,-111.51055555555556,"Henrys Fork near Ashton, ID",{}
USBR_HGH,HGH,"{""conditions"": [""storage(m3)""]}","{""url"": [""https://www.usbr.gov/pn-bin/inventory.pl?site=HGH&ui=true&interval=daily""]}",48.34111111111111,-114.01333333333334,"Hungry Horse Reservoir near Hungry Horse, MT",{}
USBR_HGHM,HGHM,"{""conditions"": [""outflow(m3/d)""]}","{""url"": [""https://www.usbr.gov/pn-bin/inventory.pl?site=HGHM&ui=true&interval=daily""]}",48.35666666666667,-114.03666666666666,S.Fk. Flathead Riv nr Columbia Falls at Hungry Horse,{}
USBR_HPCO,HPCO,"{""conditions"": [""outflow(m3/d)""]}","{""url"": [""https://www.usbr.gov/pn-bin/inventory.pl?site=HPCO&ui=true&interval=daily""]}",42.12888888888889,-122.47722222222222,"Howard Prairie Delivery Canal & Keene Creek Dam, OR",{}
USBR_HPD,HPD,"{""conditions"": [""outflow(m3/d)""]}","{""url"": [""https://www.usbr.gov/pn-bin/inventory.pl?site=HPD&ui=true&interval=daily""]}",42.21666666666667,-122.3761111111111,"Howard Prairie Lake and Dam near Ashland, OR",{}
USBR_HRSI,HRSI,"{""conditions"": [""outflow(m3/d)""]}","{""url"": [""https://www.usbr.gov/pn-bin/inventory.pl?site=HRSI&ui=true&interval=daily""]}",43.94499999999999,-116.19694444444445,"Payette River near Horseshoe Bend, ID",{}
USBR_HYA,HYA,"{""conditions"": [""outflow(m3/d)""]}","{""url"": [""https://www.usbr.gov/pn-bin/inventory.pl?site=HYA&ui=true&interval=daily""]}",42.17222222222222,-122.46666666666667,"Hyatt Dam and Reservoir near Ashland, OR",{}
USBR_IDCI,IDCI,{},"{""url"": [""https://www.usbr.gov/pn-bin/inventory.pl?site=IDCI&ui=true&interval=daily""]}",43.61388888888889,-112.05277777777778,"Idaho Canal near Lewisville, ID",{}
USBR_INCI,INCI,{},"{""url"": [""https://www.usbr.gov/pn-bin/inventory.pl?site=INCI&ui=true&interval=daily""]}",43.95888888888889,-111.70111111111112,Independent Canal,{}
USBR_ISCI,ISCI,{},"{""url"": [""https://www.usbr.gov/pn-bin/inventory.pl?site=ISCI&ui=true&interval=daily""]}",43.69166666666666,-111.85416666666666,Island Canal,{}
USBR_ISL,ISL,"{""conditions"": [""storage(m3)""]}","{""url"": [""https://www.usbr.gov/pn-bin/inventory.pl?site=ISL&ui=true&interval=daily""]}",44.41972222222222,-111.41388888888889,"Island Park Dam and Reservoir, ID",{}
USBR_ISLI,ISLI,"{""conditions"": [""outflow(m3/d)""]}","{""url"": [""https://www.usbr.gov/pn-bin/inventory.pl?site=ISLI&ui=true&interval=daily""]}",44.41638888888889,-111.39472222222223,"Henrys Fork near Island Park, ID",{}
USBR_JCK,JCK,"{""conditions"": [""outflow(m3/d)""]}","{""url"": [""https://www.usbr.gov/pn-bin/inventory.pl?site=JCK&ui=true&interval=daily""]}",43.85916666666667,-110.58972222222222,"Jackson Lake at Dam on Snake River near Moran, WY",{}
USBR_JKSY,JKSY,"{""conditions"": [""outflow(m3/d)""]}","{""url"": [""https://www.usbr.gov/pn-bin/inventory.pl?site=JKSY&ui=true&interval=daily""]}",43.37222222222222,-110.73861111111111,"Snake River below Flat Creek near Jackson, WY",{}
USBR_JRPI,JRPI,{},"{""url"": [""https://www.usbr.gov/pn-bin/inventory.pl?site=JRPI&ui=true&interval=daily""]}",43.85138888888889,-111.25333333333333,J. Ricks Pipeline (Teton River),{}
USBR_KAC,KAC,"{""conditions"": [""wse(m)""]}","{""url"": [""https://www.usbr.gov/pn-bin/inventory.pl?site=KAC&ui=true&interval=daily""]}",47.264722222222225,-121.20444444444445,"KACHESS RESERVOIR,RIVER AND WEATHER STATION",{}
USBR_KEE,KEE,"{""conditions"": [""inflow(m3/d)""]}","{""url"": [""https://www.usbr.gov/pn-bin/inventory.pl?site=KEE&ui=true&interval=daily""]}",47.32222222222222,-121.33888888888889,KEECHELUS RESERVOIR-YAK AT MARTIN AND WEATHER STA.,{}
USBR_KIOW,KIOW,"{""conditions"": [""outflow(m3/d)""]}","{""url"": [""https://www.usbr.gov/pn-bin/inventory.pl?site=KIOW&ui=true&interval=daily""]}",46.25333333333333,-119.47722222222222,"YAKIMA RIVER AT KIONA, WA",{}
USBR_KTCW,KTCW,{},"{""url"": [""https://www.usbr.gov/pn-bin/inventory.pl?site=KTCW&ui=true&interval=daily""]}",47.23888888888889,-121.18333333333334,KITTITAS CANAL,{}
USBR_LABI,LABI,{},"{""url"": [""https://www.usbr.gov/pn-bin/inventory.pl?site=LABI&ui=true&interval=daily""]}",43.690555555555555,-111.85555555555555,"West Labelle and Long Island Canal near Rigby, ID",{}
USBR_LACI,LACI,{},"{""url"": [""https://www.usbr.gov/pn-bin/inventory.pl?site=LACI&ui=true&interval=daily""]}",43.67333333333333,-111.80416666666666,East Labelle Weir,{}
USBR_LAPO,LAPO,"{""conditions"": [""outflow(m3/d)""]}","{""url"": [""https://www.usbr.gov/pn-bin/inventory.pl?site=LAPO&ui=true&interval=daily""]}",43.689166666666665,-121.50166666666667,"Little Deschutes River near LaPine, OR",{}
USBR_LBCO,LBCO,"{""conditions"": [""outflow(m3/d)""]}","{""url"": [""https://www.usbr.gov/pn-bin/inventory.pl?site=LBCO&ui=true&interval=daily""]}",42.42222222222222,-122.62222222222222,"Little Butte Creek at Lakecreek, OR",{}
USBR_LBEO,LBEO,"{""conditions"": [""outflow(m3/d)""]}","{""url"": [""https://www.usbr.gov/pn-bin/inventory.pl?site=LBEO&ui=true&interval=daily""]}",42.46277777777778,-122.81527777777778,"Little Butte Creek below Eagle Point, OR",{}
USBR_LEFO,LEFO,"{""conditions"": [""outflow(m3/d)""]}","{""url"": [""https://www.usbr.gov/pn-bin/inventory.pl?site=LEFO&ui=true&interval=daily""]}",45.505833333333335,-123.21833333333333,"Tualatin River below Lee Falls nr Cherry Grove, OR",{}
USBR_LNRW,LNRW,"{""conditions"": [""outflow(m3/d)""]}","{""url"": [""https://www.usbr.gov/pn-bin/inventory.pl?site=LNRW&ui=true&interval=daily""]}",46.987500000000004,-121.09861111111111,"LITTLE NACHES RIVER NEAR NILE, WA",{}
USBR_LORI,LORI,"{""conditions"": [""outflow(m3/d)""]}","{""url"": [""https://www.usbr.gov/pn-bin/inventory.pl?site=LORI&ui=true&interval=daily""]}",43.73527777777778,-111.87805555555555,"Snake River at Lorenzo, ID",{}
USBR_LOW,LOW,"{""conditions"": [""wse(m)""]}","{""url"": [""https://www.usbr.gov/pn-bin/inventory.pl?site=LOW&ui=true&interval=daily""]}",43.57833333333333,-116.7088888888889,"Lake Lowell at Lower Embankment near Caldwell, ID",{}
USBR_LPPI,LPPI,{},"{""url"": [""https://www.usbr.gov/pn-bin/inventory.pl?site=LPPI&ui=true&interval=daily""]}",42.53333333333333,-113.96666666666667,"PA Lateral (Pumping Plant) near Milner, ID",{}
USBR_LUC,LUC,"{""conditions"": [""storage(m3)""]}","{""url"": [""https://www.usbr.gov/pn-bin/inventory.pl?site=LUC&ui=true&interval=daily""]}",43.54194444444444,-116.05416666666666,"Lucky Peak Lake near Boise, ID",{}
USBR_LWOI,LWOI,"{""conditions"": [""outflow(m3/d)""]}","{""url"": [""https://www.usbr.gov/pn-bin/inventory.pl?site=LWOI&ui=true&interval=daily""]}",43.49305555555556,-114.05722222222222,"Little Wood River above High Five Creek, ID",{}
USBR_MABO,MABO,"{""conditions"": [""outflow(m3/d)""]}","{""url"": [""https://www.usbr.gov/pn-bin/inventory.pl?site=MABO&ui=true&interval=daily""]}",43.95027777777778,-118.17444444444445,"North Fork Malheur River abv Beulah Res, OR",{}
USBR_MADO,MADO,"{""conditions"": [""outflow(m3/d)""]}","{""url"": [""https://www.usbr.gov/pn-bin/inventory.pl?site=MADO&ui=true&interval=daily""]}",43.78472222222222,-118.33055555555555,"Malheur River near Drewsey, OR",{}
USBR_MALO,MALO,"{""conditions"": [""outflow(m3/d)""]}","{""url"": [""https://www.usbr.gov/pn-bin/inventory.pl?site=MALO&ui=true&interval=daily""]}",44.040277777777774,-117.02055555555556,"Malheur River at 36th St. Bridge near Ontario, OR",{}
USBR_MAN,MAN,"{""conditions"": [""outflow(m3/d)""]}","{""url"": [""https://www.usbr.gov/pn-bin/inventory.pl?site=MAN&ui=true&interval=daily""]}",44.39138888888889,-116.89444444444445,"Mann Creek Dam and Reservoir nr Weiser, ID",{}
USBR_MAXO,MAXO,{},"{""url"": [""https://www.usbr.gov/pn-bin/inventory.pl?site=MAXO&ui=true&interval=daily""]}",45.80472222222222,-119.35777777777777,"Maxwell Canal near Hermiston, OR",{}
USBR_MCK,MCK,"{""conditions"": [""storage(m3)""]}","{""url"": [""https://www.usbr.gov/pn-bin/inventory.pl?site=MCK&ui=true&interval=daily""]}",45.60777777777778,-118.79166666666667,"McKay Reservoir near Pendleton, OR",{}
USBR_MCKO,MCKO,"{""conditions"": [""outflow(m3/d)""]}","{""url"": [""https://www.usbr.gov/pn-bin/inventory.pl?site=MCKO&ui=true&interval=daily""]}",45.60944444444445,-118.79861111111111,"Mckay Creek near Pendleton, OR",{}
USBR_MFDO,MFDO,"{""conditions"": [""outflow(m3/d)""]}","{""url"": [""https://www.usbr.gov/pn-bin/inventory.pl?site=MFDO&ui=true&interval=daily""]}",42.33083333333334,-122.87166666666666,"Bear Creek at Medford, OR",{}
USBR_MIII,MIII,{},"{""url"": [""https://www.usbr.gov/pn-bin/inventory.pl?site=MIII&ui=true&interval=daily""]}",42.527499999999996,-114.01027777777777,Milner-Gooding Canal,{}
USBR_MIL,MIL,"{""conditions"": [""storage(m3)""]}","{""url"": [""https://www.usbr.gov/pn-bin/inventory.pl?site=MIL&ui=true&interval=daily""]}",42.52361111111111,-114.01388888888889,"Milner Dam and Reservoir, Idaho",{}
USBR_MILI,MILI,"{""conditions"": [""outflow(m3/d)""]}","{""url"": [""https://www.usbr.gov/pn-bin/inventory.pl?site=MILI&ui=true&interval=daily""]}",42.52833333333333,-114.01833333333333,"Snake River at Milner, Idaho",{}
USBR_MIN,MIN,"{""conditions"": [""storage(m3)""]}","{""url"": [""https://www.usbr.gov/pn-bin/inventory.pl?site=MIN&ui=true&interval=daily""]}",42.670833333333334,-113.48333333333333,"Minidoka Dam and Lake Walcott, ID",{}
USBR_MINI,MINI,"{""conditions"": [""outflow(m3/d)""]}","{""url"": [""https://www.usbr.gov/pn-bin/inventory.pl?site=MINI&ui=true&interval=daily""]}",42.67305555555555,-113.49944444444445,"Snake River near Minidoka, ID",{}
USBR_MLCI,MLCI,{},"{""url"": [""https://www.usbr.gov/pn-bin/inventory.pl?site=MLCI&ui=true&interval=daily""]}",42.519444444444446,-114.01,"Milner Irrigation Canal near Milner, ID",{}
USBR_MLCO,MLCO,"{""conditions"": [""outflow(m3/d)""]}","{""url"": [""https://www.usbr.gov/pn-bin/inventory.pl?site=MLCO&ui=true&interval=daily""]}",44.407222222222224,-120.63972222222223,"Mill Creek nr Prineville, OR",{}
USBR_MORI,MORI,"{""conditions"": [""outflow(m3/d)""]}","{""url"": [""https://www.usbr.gov/pn-bin/inventory.pl?site=MORI&ui=true&interval=daily""]}",43.64805555555556,-115.9888888888889,"Mores Creek above Robie Creek, ID",{}
USBR_MPCI,MPCI,{},"{""url"": [""https://www.usbr.gov/pn-bin/inventory.pl?site=MPCI&ui=true&interval=daily""]}",42.53361111111111,-113.94694444444445,"Minidoka North Side Pump Canal near Burley, ID",{}
USBR_MRYI,MRYI,{},"{""url"": [""https://www.usbr.gov/pn-bin/inventory.pl?site=MRYI&ui=true&interval=daily""]}",44.06166666666666,-111.32833333333333,"Marysville Canal near Squirrel, ID",{}
USBR_MXCI,MXCI,{},"{""url"": [""https://www.usbr.gov/pn-bin/inventory.pl?site=MXCI&ui=true&interval=daily""]}",42.558611111111105,-114.05138888888888,"North Side X-Cut Diversion from Gooding, ID",{}
USBR_MYKO,MYKO,"{""conditions"": [""outflow(m3/d)""]}","{""url"": [""https://www.usbr.gov/pn-bin/inventory.pl?site=MYKO&ui=true&interval=daily""]}",45.549166666666665,-118.77333333333333,"Mckay Creek near Pilot Rock, OR",{}
USBR_NACW,NACW,"{""conditions"": [""outflow(m3/d)""]}","{""url"": [""https://www.usbr.gov/pn-bin/inventory.pl?site=NACW&ui=true&interval=daily""]}",46.745555555555555,-120.76805555555555,"NACHES RIVER NEAR NACHES,WA.",{}
USBR_NCAO,NCAO,{},"{""url"": [""https://www.usbr.gov/pn-bin/inventory.pl?site=NCAO&ui=true&interval=daily""]}",44.077222222222225,-121.30194444444444,"North Canal near Bend, OR",{}
USBR_NFLO,NFLO,"{""conditions"": [""outflow(m3/d)""]}","{""url"": [""https://www.usbr.gov/pn-bin/inventory.pl?site=NFLO&ui=true&interval=daily""]}",42.40277777777778,-122.53666666666666,"North Fork Little Butte Creek at 140, OR",{}
USBR_NLCI,NLCI,{},"{""url"": [""https://www.usbr.gov/pn-bin/inventory.pl?site=NLCI&ui=true&interval=daily""]}",43.299166666666665,-112.22500000000001,New Lavaside Canal,{}
USBR_NMCO,NMCO,{},"{""url"": [""https://www.usbr.gov/pn-bin/inventory.pl?site=NMCO&ui=true&interval=daily""]}",44.077222222222225,-121.30194444444444,North Unit Main Canal,{}
USBR_NPAO,NPAO,"{""conditions"": [""outflow(m3/d)""]}","{""url"": [""https://www.usbr.gov/pn-bin/inventory.pl?site=NPAO&ui=true&interval=daily""]}",45.01277777777778,-118.05305555555556,N. Powder River bel Anthony Cr nr North Powder,{}
USBR_NPDO,NPDO,"{""conditions"": [""outflow(m3/d)""]}","{""url"": [""https://www.usbr.gov/pn-bin/inventory.pl?site=NPDO&ui=true&interval=daily""]}",45.0575,-117.84083333333332,Powder River abv Thief Valley Res nr. North Powder,{}
USBR_OCH,OCH,"{""conditions"": [""storage(m3)""]}","{""url"": [""https://www.usbr.gov/pn-bin/inventory.pl?site=OCH&ui=true&interval=daily""]}",44.29861111111111,-120.72500000000001,"Ochoco Reservoir near Prineville, OR",{}
USBR_OCHO,OCHO,"{""conditions"": [""outflow(m3/d)""]}","{""url"": [""https://www.usbr.gov/pn-bin/inventory.pl?site=OCHO&ui=true&interval=daily""]}",44.29888888888889,-120.72777777777777,"Ochoco Creek below Ochoco Reservoir, OR",{}
USBR_OCRO,OCRO,"{""conditions"": [""outflow(m3/d)""]}","{""url"": [""https://www.usbr.gov/pn-bin/inventory.pl?site=OCRO&ui=true&interval=daily""]}",44.333333333333336,-120.58277777777778,"Ochoco Cr. above Reservoir nr Prineville, OR",{}
USBR_OSCI,OSCI,{},"{""url"": [""https://www.usbr.gov/pn-bin/inventory.pl?site=OSCI&ui=true&interval=daily""]}",43.62916666666667,-112.07916666666667,Osgood Canal,{}
USBR_OWY,OWY,"{""conditions"": [""storage(m3)""]}","{""url"": [""https://www.usbr.gov/pn-bin/inventory.pl?site=OWY&ui=true&interval=daily""]}",43.65833333333333,-117.25833333333334,"Lake Owyhee and Owyhee River near Nyssa, OR",{}
USBR_PAL,PAL,"{""conditions"": [""storage(m3)""]}","{""url"": [""https://www.usbr.gov/pn-bin/inventory.pl?site=PAL&ui=true&interval=daily""]}",43.334722222222226,-111.20555555555556,"Palisades Reservoir near Irwin, ID",{}
USBR_PALI,PALI,"{""conditions"": [""outflow(m3/d)""]}","{""url"": [""https://www.usbr.gov/pn-bin/inventory.pl?site=PALI&ui=true&interval=daily""]}",43.350833333333334,-111.21833333333333,"Snake River near Irwin, ID",{}
USBR_PARI,PARI,"{""conditions"": [""outflow(m3/d)""]}","{""url"": [""https://www.usbr.gov/pn-bin/inventory.pl?site=PARI&ui=true&interval=daily""]}",43.781666666666666,-116.9713888888889,"Boise River near Parma, ID",{}
USBR_PARW,PARW,"{""conditions"": [""outflow(m3/d)""]}","{""url"": [""https://www.usbr.gov/pn-bin/inventory.pl?site=PARW&ui=true&interval=daily""]}",46.496771,-120.441444,"YAKIMA RIVER NEAR PARKER, WA.",{}
USBR_PAY,PAY,"{""conditions"": [""wse(m)""]}","{""url"": [""https://www.usbr.gov/pn-bin/inventory.pl?site=PAY&ui=true&interval=daily""]}",44.91222222222222,-116.11944444444444,"Payette Lake at McCall, Idaho",{}
USBR_PAYI,PAYI,"{""conditions"": [""outflow(m3/d)""]}","{""url"": [""https://www.usbr.gov/pn-bin/inventory.pl?site=PAYI&ui=true&interval=daily""]}",44.90833333333333,-116.11944444444444,"North Fork Payette River at McCall, Idaho",{}
USBR_PCKY,PCKY,"{""conditions"": [""outflow(m3/d)""]}","{""url"": [""https://www.usbr.gov/pn-bin/inventory.pl?site=PCKY&ui=true&interval=daily""]}",43.85027777777778,-110.51777777777778,"Pacific Creek at Moran, WY",{}
USBR_PDTO,PDTO,"{""conditions"": [""outflow(m3/d)""]}","{""url"": [""https://www.usbr.gov/pn-bin/inventory.pl?site=PDTO&ui=true&interval=daily""]}",45.67222222222222,-118.79166666666667,"Umatilla River at Pendleton, OR",{}
USBR_PECI,PECI,{},"{""url"": [""https://www.usbr.gov/pn-bin/inventory.pl?site=PECI&ui=true&interval=daily""]}",43.284166666666664,-112.25,Peoples Canal,{}
USBR_PHL,PHL,"{""conditions"": [""storage(m3)""]}","{""url"": [""https://www.usbr.gov/pn-bin/inventory.pl?site=PHL&ui=true&interval=daily""]}",44.67222222222222,-117.99444444444444,"Mason Dam and Phillips Lake near Sumpter, OR",{}
USBR_PLCI,PLCI,{},"{""url"": [""https://www.usbr.gov/pn-bin/inventory.pl?site=PLCI&ui=true&interval=daily""]}",43.74583333333334,-112.10277777777777,"Palisades Canal near Irwin, ID",{}
USBR_PLEI,PLEI,"{""conditions"": [""outflow(m3/d)""]}","{""url"": [""https://www.usbr.gov/pn-bin/inventory.pl?site=PLEI&ui=true&interval=daily""]}",43.896388888888886,-116.62583333333333,"Payette River near Letha, ID",{}
USBR_POCI,POCI,{},"{""url"": [""https://www.usbr.gov/pn-bin/inventory.pl?site=POCI&ui=true&interval=daily""]}",43.503055555555555,-112.04805555555555,Porter Canal,{}
USBR_PRHO,PRHO,"{""conditions"": [""outflow(m3/d)""]}","{""url"": [""https://www.usbr.gov/pn-bin/inventory.pl?site=PRHO&ui=true&interval=daily""]}",44.68611111111111,-118.1,"Powder River at Hudspeth Lane near Sumpter, OR",{}
USBR_PRKI,PRKI,{},"{""url"": [""https://www.usbr.gov/pn-bin/inventory.pl?site=PRKI&ui=true&interval=daily""]}",43.68888888888888,-111.86611111111111,"Parks and Lewisville Canal near Rigby, ID",{}
USBR_PRLI,PRLI,"{""conditions"": [""outflow(m3/d)""]}","{""url"": [""https://www.usbr.gov/pn-bin/inventory.pl?site=PRLI&ui=true&interval=daily""]}",44.084722222222226,-115.60277777777777,"South Fork Payette River at Lowman, ID",{}
USBR_PRPI,PRPI,"{""conditions"": [""outflow(m3/d)""]}","{""url"": [""https://www.usbr.gov/pn-bin/inventory.pl?site=PRPI&ui=true&interval=daily""]}",44.0425,-116.92416666666666,"Payette River near Payette, ID",{}
USBR_PRV,PRV,"{""conditions"": [""wse(m)""]}","{""url"": [""https://www.usbr.gov/pn-bin/inventory.pl?site=PRV&ui=true&interval=daily""]}",44.11388888888889,-120.78055555555555,"Prineville Reservoir nr Prineville, OR",{}
USBR_PRVO,PRVO,"{""conditions"": [""max_temp(C)""]}","{""url"": [""https://www.usbr.gov/pn-bin/inventory.pl?site=PRVO&ui=true&interval=daily""]}",44.11388888888889,-120.79444444444444,"Crooked River near Prineville, OR",{}
USBR_PWDO,PWDO,"{""conditions"": [""outflow(m3/d)""]}","{""url"": [""https://www.usbr.gov/pn-bin/inventory.pl?site=PWDO&ui=true&interval=daily""]}",44.76833333333333,-117.83055555555555,"Powder River at Baker, OR",{}
USBR_RBDW,RBDW,"{""conditions"": [""outflow(m3/d)""]}","{""url"": [""https://www.usbr.gov/pn-bin/inventory.pl?site=RBDW&ui=true&interval=daily""]}",46.75,-120.46666666666667,YAKIMA RIVER BELOW ROZA DAM,{}
USBR_RDWI,RDWI,{},"{""url"": [""https://www.usbr.gov/pn-bin/inventory.pl?site=RDWI&ui=true&interval=daily""]}",43.71555555555556,-111.81416666666667,Reid Weir,{}
USBR_RECI,RECI,{},"{""url"": [""https://www.usbr.gov/pn-bin/inventory.pl?site=RECI&ui=true&interval=daily""]}",43.37222222222222,-112.15,Reservation Canal,{}
USBR_REXI,REXI,"{""conditions"": [""outflow(m3/d)""]}","{""url"": [""https://www.usbr.gov/pn-bin/inventory.pl?site=REXI&ui=true&interval=daily""]}",43.825833333333335,-111.905,"Henrys Fork near Rexburg, ID",{}
USBR_RGCI,RGCI,{},"{""url"": [""https://www.usbr.gov/pn-bin/inventory.pl?site=RGCI&ui=true&interval=daily""]}",43.68555555555555,-111.85388888888889,Rigby Weir,{}
USBR_RICI,RICI,{},"{""url"": [""https://www.usbr.gov/pn-bin/inventory.pl?site=RICI&ui=true&interval=daily""]}",43.26361111111111,-112.30138888888888,Riverside Canal,{}
USBR_RIM,RIM,"{""conditions"": [""wse(m)""]}","{""url"": [""https://www.usbr.gov/pn-bin/inventory.pl?site=RIM&ui=true&interval=daily""]}",46.65277777777778,-121.125,"RIMROCK RESERVOIR,TIETON RIVER AND WEATHER STATION",{}
USBR_RIR,RIR,"{""conditions"": [""outflow(m3/d)""]}","{""url"": [""https://www.usbr.gov/pn-bin/inventory.pl?site=RIR&ui=true&interval=daily""]}",43.597500000000004,-111.75861111111111,"Ririe Dam and Lake near Ririe, ID",{}
USBR_RJPI,RJPI,{},"{""url"": [""https://www.usbr.gov/pn-bin/inventory.pl?site=RJPI&ui=true&interval=daily""]}",43.91,-111.28444444444445,Ray and John Brown Pump,{}
USBR_ROMO,ROMO,"{""conditions"": [""outflow(m3/d)""]}","{""url"": [""https://www.usbr.gov/pn-bin/inventory.pl?site=ROMO&ui=true&interval=daily""]}",42.86638888888889,-117.64888888888889,"Owyhee River near Rome, OR",{}
USBR_ROZW,ROZW,{},"{""url"": [""https://www.usbr.gov/pn-bin/inventory.pl?site=ROZW&ui=true&interval=daily""]}",46.61666666666667,-120.48333333333333,ROZA CANAL AT 11.0 MILE,{}
USBR_RRPI,RRPI,{},"{""url"": [""https://www.usbr.gov/pn-bin/inventory.pl?site=RRPI&ui=true&interval=daily""]}",43.91916666666666,-111.51472222222222,R. Brent Ricks Pipeline (Teton River),{}
USBR_RSA,RSA,"{""conditions"": [""storage(m3)""]}","{""url"": [""https://www.usbr.gov/pn-bin/inventory.pl?site=RSA&ui=true&interval=daily""]}",46.37111111111111,-116.85749999999999,"Reservoir A Near Lewiston Orchards, ID",{}
USBR_RSCW,RSCW,{},"{""url"": [""https://www.usbr.gov/pn-bin/inventory.pl?site=RSCW&ui=true&interval=daily""]}",46.519444444444446,-120.47777777777777,NEW RESERVATION CANAL,{}
USBR_RSDI,RSDI,{},"{""url"": [""https://www.usbr.gov/pn-bin/inventory.pl?site=RSDI&ui=true&interval=daily""]}",43.24444444444445,-112.18444444444445,Reservation Drop,{}
USBR_RXRI,RXRI,{},"{""url"": [""https://www.usbr.gov/pn-bin/inventory.pl?site=RXRI&ui=true&interval=daily""]}",43.83638888888889,-111.76388888888889,"Rexburg Irrigation Canal near Rexburg, ID",{}
USBR_SALY,SALY,"{""conditions"": [""outflow(m3/d)""]}","{""url"": [""https://www.usbr.gov/pn-bin/inventory.pl?site=SALY&ui=true&interval=daily""]}",43.07972222222222,-111.03722222222223,"Salt River above Reservoir near Etna, WY",{}
USBR_SBCO,SBCO,"{""conditions"": [""outflow(m3/d)""]}","{""url"": [""https://www.usbr.gov/pn-bin/inventory.pl?site=SBCO&ui=true&interval=daily""]}",44.801944444444445,-121.06027777777777,"Mud SPrings Creek near Gateway, OR",{}
USBR_SBEO,SBEO,{},"{""url"": [""https://www.usbr.gov/pn-bin/inventory.pl?site=SBEO&ui=true&interval=daily""]}",45.867777777777775,-119.1713888888889,"Stanfield Branch Exchange Canal near Hermiston, OR",{}
USBR_SCLO,SCLO,"{""conditions"": [""outflow(m3/d)""]}","{""url"": [""https://www.usbr.gov/pn-bin/inventory.pl?site=SCLO&ui=true&interval=daily""]}",45.501666666666665,-123.25166666666667,"Scoggins Creek above Henry Hagg Lake, OR",{}
USBR_SCO,SCO,"{""conditions"": [""storage(m3)""]}","{""url"": [""https://www.usbr.gov/pn-bin/inventory.pl?site=SCO&ui=true&interval=daily""]}",45.47361111111111,-123.1975,"Scoggins Dam & Henry Hagg Lake nr Forest Grove, OR",{}
USBR_SCOO,SCOO,"{""conditions"": [""outflow(m3/d)""]}","{""url"": [""https://www.usbr.gov/pn-bin/inventory.pl?site=SCOO&ui=true&interval=daily""]}",45.46944444444445,-123.19888888888889,"Scoggins Creek below Henry Hagg Lake, Oregon",{}
USBR_SDCO,SDCO,"{""conditions"": [""outflow(m3/d)""]}","{""url"": [""https://www.usbr.gov/pn-bin/inventory.pl?site=SDCO&ui=true&interval=daily""]}",42.19972222222222,-122.35833333333333,"Soda Creek at Howard Prairie Delivery Canal, OR",{}
USBR_SFLO,SFLO,"{""conditions"": [""outflow(m3/d)""]}","{""url"": [""https://www.usbr.gov/pn-bin/inventory.pl?site=SFLO&ui=true&interval=daily""]}",42.418055555555554,-122.6125,"South Fork Little Butte Creek at Mouth, OR",{}
USBR_SHYI,SHYI,"{""conditions"": [""outflow(m3/d)""]}","{""url"": [""https://www.usbr.gov/pn-bin/inventory.pl?site=SHYI&ui=true&interval=daily""]}",43.413333333333334,-112.13416666666667,"Snake River near Shelley, ID",{}
USBR_SLBO,SLBO,{},"{""url"": [""https://www.usbr.gov/pn-bin/inventory.pl?site=SLBO&ui=true&interval=daily""]}",42.28361111111111,-122.40027777777779,"South Fork Little Butte Cr. Collection Canal, OR",{}
USBR_SNAI,SNAI,"{""conditions"": [""outflow(m3/d)""]}","{""url"": [""https://www.usbr.gov/pn-bin/inventory.pl?site=SNAI&ui=true&interval=daily""]}",43.1975,-112.36916666666666,"Snake River at Blackfoot, ID",{}
USBR_SNCW,SNCW,{},"{""url"": [""https://www.usbr.gov/pn-bin/inventory.pl?site=SNCW&ui=true&interval=daily""]}",46.49444444444445,-120.42777777777778,SUNNYSIDE CANAL,{}
USBR_SNDI,SNDI,{},"{""url"": [""https://www.usbr.gov/pn-bin/inventory.pl?site=SNDI&ui=true&interval=daily""]}",43.282777777777774,-112.15083333333334,Sand Creek at Wolverine Road,{}
USBR_SOL,SOL,"{""conditions"": [""storage(m3)""]}","{""url"": [""https://www.usbr.gov/pn-bin/inventory.pl?site=SOL&ui=true&interval=daily""]}",46.16722222222222,-116.73666666666666,Soldiers Meadow Reservoir,{}
USBR_SPBO,SPBO,"{""conditions"": [""avg_temp(C)""]}","{""url"": [""https://www.usbr.gov/pn-bin/inventory.pl?site=SPBO&ui=true&interval=daily""]}",42.447222222222216,-121.2375,"Sprague River near Beatty, OR",{}
USBR_SPPI,SPPI,{},"{""url"": [""https://www.usbr.gov/pn-bin/inventory.pl?site=SPPI&ui=true&interval=daily""]}",43.84138888888889,-111.24388888888889,South Pipeline (Teton River),{}
USBR_SQSO,SQSO,"{""conditions"": [""outflow(m3/d)""]}","{""url"": [""https://www.usbr.gov/pn-bin/inventory.pl?site=SQSO&ui=true&interval=daily""]}",44.28777777777778,-121.54333333333334,"Whychus Creek at Sisters, OR",{}
USBR_SUCI,SUCI,{},"{""url"": [""https://www.usbr.gov/pn-bin/inventory.pl?site=SUCI&ui=true&interval=daily""]}",43.97083333333334,-111.65055555555556,Salem Union Weir,{}
USBR_SWCO,SWCO,{},"{""url"": [""https://www.usbr.gov/pn-bin/inventory.pl?site=SWCO&ui=true&interval=daily""]}",44.080555555555556,-121.3,Swalley Canal,{}
USBR_TCNI,TCNI,{},"{""url"": [""https://www.usbr.gov/pn-bin/inventory.pl?site=TCNI&ui=true&interval=daily""]}",42.52638888888889,-114.00972222222222,Twin Falls North Side Canal,{}
USBR_TCSI,TCSI,{},"{""url"": [""https://www.usbr.gov/pn-bin/inventory.pl?site=TCSI&ui=true&interval=daily""]}",42.522777777777776,-114.01305555555555,Twin Falls South Side Canal,{}
USBR_TEAI,TEAI,"{""conditions"": [""outflow(m3/d)""]}","{""url"": [""https://www.usbr.gov/pn-bin/inventory.pl?site=TEAI&ui=true&interval=daily""]}",43.92722222222222,-111.61527777777778,"Teton River near St. Anthony, ID",{}
USBR_TEAW,TEAW,"{""conditions"": [""outflow(m3/d)""]}","{""url"": [""https://www.usbr.gov/pn-bin/inventory.pl?site=TEAW&ui=true&interval=daily""]}",47.19,-120.82222222222222,TEANAWAY RIVER BELOW LAMBERT ROAD,{}
USBR_TFCO,TFCO,{},"{""url"": [""https://www.usbr.gov/pn-bin/inventory.pl?site=TFCO&ui=true&interval=daily""]}",44.09027777777778,-121.36861111111111,Tumalo Feed Canal (2 Flow Meters),{}
USBR_TGCI,TGCI,{},"{""url"": [""https://www.usbr.gov/pn-bin/inventory.pl?site=TGCI&ui=true&interval=daily""]}",43.975,-111.64166666666668,"Twin Groves Canal near St. Anthony, ID",{}
USBR_THF,THF,"{""conditions"": [""storage(m3)""]}","{""url"": [""https://www.usbr.gov/pn-bin/inventory.pl?site=THF&ui=true&interval=daily""]}",45.0125,-117.78111111111112,"Thief Valley Dam and Reservoir near North Powder, OR",{}
USBR_TICI,TICI,{},"{""url"": [""https://www.usbr.gov/pn-bin/inventory.pl?site=TICI&ui=true&interval=daily""]}",43.891666666666666,-111.66722222222222,Teton Irrigation Weir,{}
USBR_TICW,TICW,"{""conditions"": [""outflow(m3/d)""]}","{""url"": [""https://www.usbr.gov/pn-bin/inventory.pl?site=TICW&ui=true&interval=daily""]}",46.67111111111111,-121.0,TIETON RIVER NEAR TIETON CANAL HEADWORKS,{}
USBR_TIEW,TIEW,{},"{""url"": [""https://www.usbr.gov/pn-bin/inventory.pl?site=TIEW&ui=true&interval=daily""]}",46.669444444444444,-121.00555555555556,TIETON CANAL,{}
USBR_TITI,TITI,{},"{""url"": [""https://www.usbr.gov/pn-bin/inventory.pl?site=TITI&ui=true&interval=daily""]}",43.89111111111111,-111.69694444444445,"Teton Island Feeder Canal near Teton, ID",{}
USBR_TLCI,TLCI,{},"{""url"": [""https://www.usbr.gov/pn-bin/inventory.pl?site=TLCI&ui=true&interval=daily""]}",43.72027777777778,-111.82722222222222,Texas and Liberty Weir,{}
USBR_TNAW,TNAW,"{""conditions"": [""outflow(m3/d)""]}","{""url"": [""https://www.usbr.gov/pn-bin/inventory.pl?site=TNAW&ui=true&interval=daily""]}",47.24638888888889,-120.8611111111111,"TEANAWAY RIVER AT FORKS NEAR CLE ELUM, WA",{}
USBR_TNCM,TNCM,"{""conditions"": [""outflow(m3/d)""]}","{""url"": [""https://www.usbr.gov/pn-bin/inventory.pl?site=TNCM&ui=true&interval=daily""]}",47.97916666666667,-113.56,"South Fork Flathead River near Twincreek, MT",{}
USBR_TRCI,TRCI,{},"{""url"": [""https://www.usbr.gov/pn-bin/inventory.pl?site=TRCI&ui=true&interval=daily""]}",43.20138888888889,-112.36666666666666,"Trego Canal near Blackfoot, ID",{}
USBR_TRGO,TRGO,"{""conditions"": [""outflow(m3/d)""]}","{""url"": [""https://www.usbr.gov/pn-bin/inventory.pl?site=TRGO&ui=true&interval=daily""]}",44.80138888888889,-121.065,"Trout Creek at Clements Drive near Gateway, OR",{}
USBR_TUMO,TUMO,"{""conditions"": [""outflow(m3/d)""]}","{""url"": [""https://www.usbr.gov/pn-bin/inventory.pl?site=TUMO&ui=true&interval=daily""]}",44.08777777777778,-121.37166666666666,"Tumalo Creek nr Bend, OR",{}
USBR_UMAO,UMAO,"{""conditions"": [""outflow(m3/d)""]}","{""url"": [""https://www.usbr.gov/pn-bin/inventory.pl?site=UMAO&ui=true&interval=daily""]}",45.9,-119.33333333333333,"Umatilla River near Umatilla, OR",{}
USBR_UMDO,UMDO,"{""conditions"": [""outflow(m3/d)""]}","{""url"": [""https://www.usbr.gov/pn-bin/inventory.pl?site=UMDO&ui=true&interval=daily""]}",45.776666666666664,-119.21222222222222,"Umatilla River ar I84 near Stanfield, OR",{}
USBR_UMMO,UMMO,"{""conditions"": [""outflow(m3/d)""]}","{""url"": [""https://www.usbr.gov/pn-bin/inventory.pl?site=UMMO&ui=true&interval=daily""]}",45.79527777777778,-119.32277777777777,Umatilla River above Butter Creek nr Hermiston,{}
USBR_UMTW,UMTW,"{""conditions"": [""outflow(m3/d)""]}","{""url"": [""https://www.usbr.gov/pn-bin/inventory.pl?site=UMTW&ui=true&interval=daily""]}",46.86361111111111,-120.47944444444444,"YAKIMA RIVER NEAR UMTANUM ,WA.",{}
USBR_UMUO,UMUO,"{""conditions"": [""outflow(m3/d)""]}","{""url"": [""https://www.usbr.gov/pn-bin/inventory.pl?site=UMUO&ui=true&interval=daily""]}",45.72083333333334,-119.17916666666667,"Umatilla River nr Echo, OR",{}
USBR_UNY,UNY,"{""conditions"": [""outflow(m3/d)""]}","{""url"": [""https://www.usbr.gov/pn-bin/inventory.pl?site=UNY&ui=true&interval=daily""]}",44.50361111111111,-118.19583333333334,"Unity Reservoir and Burnt River near Unity, Oregon",{}
USBR_VALO,VALO,"{""conditions"": [""outflow(m3/d)""]}","{""url"": [""https://www.usbr.gov/pn-bin/inventory.pl?site=VALO&ui=true&interval=daily""]}",43.98888888888889,-117.21944444444445,"Malheur River below Nevada Dam near Vale, OR",{}
USBR_VLCI,VLCI,{},"{""url"": [""https://www.usbr.gov/pn-bin/inventory.pl?site=VLCI&ui=true&interval=daily""]}",43.453611111111115,-112.08805555555556,Snake River Valley Canal,{}
USBR_VSPI,VSPI,{},"{""url"": [""https://www.usbr.gov/pn-bin/inventory.pl?site=VSPI&ui=true&interval=daily""]}",43.91444444444444,-111.46527777777779,"Val Schwiendiman Pump near Newdale, ID",{}
USBR_WACI,WACI,{},"{""url"": [""https://www.usbr.gov/pn-bin/inventory.pl?site=WACI&ui=true&interval=daily""]}",43.19583333333333,-112.4,Watson Canal,{}
USBR_WAFI,WAFI,{},"{""url"": [""https://www.usbr.gov/pn-bin/inventory.pl?site=WAFI&ui=true&interval=daily""]}",46.205555555555556,-116.82916666666667,"Lake Waha Feeder Canal, ID",{}
USBR_WAH,WAH,"{""conditions"": [""storage(m3)""]}","{""url"": [""https://www.usbr.gov/pn-bin/inventory.pl?site=WAH&ui=true&interval=daily""]}",46.212500000000006,-116.83749999999999,"Lake Waha, ID",{}
USBR_WAR,WAR,"{""conditions"": [""storage(m3)""]}","{""url"": [""https://www.usbr.gov/pn-bin/inventory.pl?site=WAR&ui=true&interval=daily""]}",43.584722222222226,-118.20833333333334,"Warm Springs Dam and Reservoir nr Riverside, OR",{}
USBR_WARO,WARO,"{""conditions"": [""inflow(m3/d)""]}","{""url"": [""https://www.usbr.gov/pn-bin/inventory.pl?site=WARO&ui=true&interval=daily""]}",43.57083333333334,-118.20138888888889,"Malheur River bel Warm Springs Res nr Riverside, OR",{}
USBR_WAS,WAS,"{""conditions"": [""outflow(m3/d)""]}","{""url"": [""https://www.usbr.gov/pn-bin/inventory.pl?site=WAS&ui=true&interval=daily""]}",45.17638888888889,-121.69444444444444,"Clear Lake nr Government Camp (Wasco Dam), OR",{}
USBR_WBCO,WBCO,"{""conditions"": [""outflow(m3/d)""]}","{""url"": [""https://www.usbr.gov/pn-bin/inventory.pl?site=WBCO&ui=true&interval=daily""]}",45.48388888888889,-118.83555555555554,"West Birch Creek at Pilot Rock, OR",{}
USBR_WBFI,WBFI,{},"{""url"": [""https://www.usbr.gov/pn-bin/inventory.pl?site=WBFI&ui=true&interval=daily""]}",43.575833333333335,-111.91194444444444,"Willow Creek Below Floodway Channel nr. Ukon, ID",{}
USBR_WCRO,WCRO,"{""conditions"": [""outflow(m3/d)""]}","{""url"": [""https://www.usbr.gov/pn-bin/inventory.pl?site=WCRO&ui=true&interval=daily""]}",45.68611111111111,-118.74555555555555,"Wildhorse Creek at Pendleton, OR",{}
USBR_WEIO,WEIO,{},"{""url"": [""https://www.usbr.gov/pn-bin/inventory.pl?site=WEIO&ui=true&interval=daily""]}",45.884166666666665,-119.325,West Div Main Canal below WEID Pumps nr Umatilla OR,{}
USBR_WEPO,WEPO,{},"{""url"": [""https://www.usbr.gov/pn-bin/inventory.pl?site=WEPO&ui=true&interval=daily""]}",45.91972222222222,-119.3275,"WEID Exchange Pump Plant near Hermiston, OR",{}
USBR_WESO,WESO,{},"{""url"": [""https://www.usbr.gov/pn-bin/inventory.pl?site=WESO&ui=true&interval=daily""]}",45.76611111111111,-119.21611111111112,"Westland Canal near Echo, OR",{}
USBR_WEUO,WEUO,{},"{""url"": [""https://www.usbr.gov/pn-bin/inventory.pl?site=WEUO&ui=true&interval=daily""]}",45.885,-119.32666666666667,"West Division Main Canal near Umatilla, OR",{}
USBR_WFCI,WFCI,{},"{""url"": [""https://www.usbr.gov/pn-bin/inventory.pl?site=WFCI&ui=true&interval=daily""]}",43.90555555555555,-111.62777777777777,Wilford Canal,{}
USBR_WGCM,WGCM,"{""conditions"": [""outflow(m3/d)""]}","{""url"": [""https://www.usbr.gov/pn-bin/inventory.pl?site=WGCM&ui=true&interval=daily""]}",48.49527777777778,-114.00916666666667,"Middle Fork Flathead River near West Glacier, MT",{}
USBR_WIC,WIC,"{""conditions"": [""storage(m3)""]}","{""url"": [""https://www.usbr.gov/pn-bin/inventory.pl?site=WIC&ui=true&interval=daily""]}",43.68388888888889,-121.6888888888889,"Wickiup Reservoir near LaPine, OR",{}
USBR_WICO,WICO,"{""conditions"": [""outflow(m3/d)""]}","{""url"": [""https://www.usbr.gov/pn-bin/inventory.pl?site=WICO&ui=true&interval=daily""]}",43.68611111111111,-121.68694444444445,"Deschutes River below Wickiup Res., OR",{}
USBR_WIFI,WIFI,"{""conditions"": [""outflow(m3/d)""]}","{""url"": [""https://www.usbr.gov/pn-bin/inventory.pl?site=WIFI&ui=true&interval=daily""]}",43.57416666666667,-111.89500000000001,"Sand Creek above Willow Creek Diversion nr Ukon, ID",{}
USBR_WILI,WILI,"{""conditions"": [""outflow(m3/d)""]}","{""url"": [""https://www.usbr.gov/pn-bin/inventory.pl?site=WILI&ui=true&interval=daily""]}",43.57638888888889,-111.91305555555556,"Willow Creek Floodway Channel nr Ukon, ID",{}
USBR_WLD,WLD,"{""conditions"": [""storage(m3)""]}","{""url"": [""https://www.usbr.gov/pn-bin/inventory.pl?site=WLD&ui=true&interval=daily""]}",41.68611111111111,-115.85972222222222,"Wildhorse Dam and Reservoir, NV",{}
USBR_WLDN,WLDN,"{""conditions"": [""outflow(m3/d)""]}","{""url"": [""https://www.usbr.gov/pn-bin/inventory.pl?site=WLDN&ui=true&interval=daily""]}",41.6875,-115.86055555555555,"Owyhee River bel Wildhorse Dam nr Gold Creek, NV",{}
USBR_WOD,WOD,"{""conditions"": [""storage(m3)""]}","{""url"": [""https://www.usbr.gov/pn-bin/inventory.pl?site=WOD&ui=true&interval=daily""]}",43.42527777777777,-114.02722222222222,"Little Wood Dam and Reservoir near Carey, ID",{}
USBR_WODI,WODI,"{""conditions"": [""outflow(m3/d)""]}","{""url"": [""https://www.usbr.gov/pn-bin/inventory.pl?site=WODI&ui=true&interval=daily""]}",43.39,-114.0,"Little Wood River near Carey, ID",{}
USBR_WOPW,WOPW,{},"{""url"": [""https://www.usbr.gov/pn-bin/inventory.pl?site=WOPW&ui=true&interval=daily""]}",46.74888888888889,-120.7786111111111,WAPATOX POWER CANAL,{}
USBR_WTXI,WTXI,"{""conditions"": [""outflow(m3/d)""]}","{""url"": [""https://www.usbr.gov/pn-bin/inventory.pl?site=WTXI&ui=true&interval=daily""]}",43.44166666666666,-111.72833333333334,"Willow Creek below Tex Creek near Ririe, ID",{}
USBR_WVCI,WVCI,{},"{""url"": [""https://www.usbr.gov/pn-bin/inventory.pl?site=WVCI&ui=true&interval=daily""]}",43.43388888888889,-112.09805555555555,Woodville Canal,{}
USBR_YOKO,YOKO,"{""conditions"": [""outflow(m3/d)""]}","{""url"": [""https://www.usbr.gov/pn-bin/inventory.pl?site=YOKO&ui=true&interval=daily""]}",45.67722222222222,-119.03583333333333,"Umatilla River at Yoakum, OR",{}
USBR_YRPW,YRPW,"{""conditions"": [""outflow(m3/d)""]}","{""url"": [""https://www.usbr.gov/pn-bin/inventory.pl?site=YRPW&ui=true&interval=daily""]}",46.2175,-119.74638888888889,"YAKIMA RIVER NEAR PROSSER ,WA.",{}
USBR_YRWW,YRWW,"{""conditions"": [""outflow(m3/d)""]}","{""url"": [""https://www.usbr.gov/pn-bin/inventory.pl?site=YRWW&ui=true&interval=daily""]}",47.12416666666667,-120.73916666666666,"YAKIMA RIVER NEAR HORLICK ,WA.",{}
